condition,seed,final_tick,final_pop,completed,mean_body_size,vent_frac_mean,hi_q_frac_mean,move_mean,q_mean,dq_abs_mean,sigma_eff_mean,light_flow_cum,chem_flow_cum,light_supply_cum,deaths_starvation,n_lineages,band_d0_1_n,band_d0_1_chem_e,band_d0_1_light_e,band_d0_1_sigma,band_d1_2_n,band_d1_2_chem_e,band_d1_2_light_e,band_d1_2_sigma,band_d2_4_n,band_d2_4_chem_e,band_d2_4_light_e,band_d2_4_sigma,band_d4plus_n,band_d4plus_chem_e,band_d4plus_light_e,band_d4plus_sigma
b1_light_only_lightspec_control,1,9320,6860,False,0.216679,0.0,0.436382,0.926851,0.371559,0.000985,0.5,8124322.5475,0.0,11631360.0,29841,3,55528.0,0.0,15820.0699,0.5,459470.0,0.0,124203.6286,0.5,1543827.0,0.0,422346.5343,0.5,26783031.0,0.0,7561952.3138,0.5
b1_light_only_lightspec_control,2,8760,6854,False,0.216257,0.0,0.446484,0.860209,0.372429,0.000903,0.5,7773604.3389,0.0,10932480.0,34463,3,85728.0,0.0,24685.4951,0.5,696898.0,0.0,197245.9799,0.5,3110715.0,0.0,878236.7205,0.5,24719517.0,0.0,6673436.1424,0.5
b1_light_only_lightspec_control,3,9500,6735,False,0.214804,0.0,0.464227,0.86909,0.376333,0.000904,0.5,8121240.8715,0.0,11856000.0,33707,2,78731.0,0.0,22234.5501,0.5,641378.0,0.0,181344.526,0.5,2851197.0,0.0,818738.1098,0.5,25359880.0,0.0,7098923.6852,0.5
b1_light_only_lightspec_control,4,9200,6821,False,0.214539,0.0,0.461573,0.868101,0.375149,0.000904,0.5,7882558.2306,0.0,11481600.0,28990,2,55393.0,0.0,15226.0325,0.5,435779.0,0.0,120950.7897,0.5,1613188.0,0.0,438300.8359,0.5,25595132.0,0.0,7308080.5727,0.5
b2_chem_only_chemspec_control,1,10000,134,True,0.458054,0.847229,1.0,0.577572,0.14473,0.02645,0.5,0.0,349036.5191,0.0,1616,2,71351.0,33555.2777,0.0,0.5,461947.0,257943.5156,0.0,0.5,204926.0,57537.7239,0.0,0.5,1637.0,0.0,0.0,0.5
b2_chem_only_chemspec_control,2,5409,0,False,nan,0.672777,0.99631,0.724585,0.177855,0.033239,0.5,0.0,46155.6704,0.0,362,0,6699.0,5127.4863,0.0,0.5,40159.0,31579.4871,0.0,0.5,32343.0,9448.6967,0.0,0.5,753.0,0.0,0.0,0.5
b2_chem_only_chemspec_control,3,10000,56,True,0.856156,0.79598,1.0,0.494029,0.148724,0.026952,0.5,0.0,220688.0599,0.0,992,3,33885.0,23145.4746,0.0,0.5,213545.0,151649.1598,0.0,0.5,129286.0,45893.4258,0.0,0.5,1139.0,0.0,0.0,0.5
b2_chem_only_chemspec_control,4,10000,49,True,0.920189,0.777722,1.0,0.64449,0.163995,0.032573,0.5,0.0,255895.3103,0.0,1153,3,46088.0,30664.243,0.0,0.5,226660.0,167437.3866,0.0,0.5,162527.0,57793.6839,0.0,0.5,2514.0,0.0,0.0,0.5
b2_chem_only_chemspec_control,5,10000,32,True,0.753925,0.759762,1.0,0.693641,0.16895,0.03449,0.5,0.0,160171.9187,0.0,902,2,33286.0,20787.2375,0.0,0.5,139283.0,99372.7355,0.0,0.5,117517.0,40011.9487,0.0,0.5,2776.0,0.0,0.0,0.5
b2_chem_only_chemspec_control,6,5394,0,False,nan,0.716879,0.996296,0.647813,0.171424,0.035056,0.5,0.0,31103.6497,0.0,276,0,5495.0,3818.6285,0.0,0.5,28383.0,21097.779,0.0,0.5,19503.0,6187.2436,0.0,0.5,616.0,0.0,0.0,0.5
b2_chem_only_chemspec_control,7,10000,46,True,0.933775,0.770822,1.0,0.560693,0.159401,0.029752,0.5,0.0,206491.3531,0.0,1064,3,29775.0,21291.5738,0.0,0.5,184942.0,142510.3161,0.0,0.5,125474.0,42689.4649,0.0,0.5,1515.0,0.0,0.0,0.5
b2_chem_only_chemspec_control,8,10000,37,True,0.791313,0.790864,1.0,0.563662,0.158222,0.02959,0.5,0.0,209594.1891,0.0,986,2,42079.0,26456.1917,0.0,0.5,187248.0,132435.1963,0.0,0.5,139397.0,50702.7986,0.0,0.5,2296.0,0.0,0.0,0.5
b2_chem_only_chemspec_control,9,10000,48,True,0.442733,0.784707,1.0,0.630219,0.149259,0.029534,0.5,0.0,138763.7041,0.0,785,1,24042.0,13957.1966,0.0,0.5,157137.0,99587.696,0.0,0.5,86144.0,25218.8148,0.0,0.5,2290.0,0.0,0.0,0.5
b2_chem_only_chemspec_control,10,10000,89,True,0.614597,0.77965,1.0,0.573054,0.149321,0.02777,0.5,0.0,290021.8131,0.0,1697,3,56055.0,32299.841,0.0,0.5,322348.0,198855.2229,0.0,0.5,203178.0,58866.7484,0.0,0.5,2233.0,0.0,0.0,0.5
b2_chem_only_chemspec_control,11,10000,56,True,0.659481,0.79691,1.0,0.543799,0.149369,0.027773,0.5,0.0,187407.701,0.0,924,2,28508.0,18860.3595,0.0,0.5,200065.0,134081.834,0.0,0.5,110095.0,34465.5088,0.0,0.5,1269.0,0.0,0.0,0.5
b2_chem_only_chemspec_control,12,10000,134,True,0.410952,0.743851,1.0,0.706566,0.143988,0.029504,0.5,0.0,280580.434,0.0,2061,3,54870.0,28034.3031,0.0,0.5,359777.0,191676.7947,0.0,0.5,257256.0,60869.3367,0.0,0.5,5075.0,0.0,0.0,0.5
b2_chem_only_chemspec_control,13,10000,102,True,0.386008,0.8177,1.0,0.561831,0.143952,0.027561,0.5,0.0,261142.4091,0.0,1412,1,52234.0,25247.1882,0.0,0.5,343299.0,191828.7836,0.0,0.5,162637.0,44066.4401,0.0,0.5,2115.0,0.0,0.0,0.5
b2_chem_only_chemspec_control,14,10000,39,True,0.706268,0.757055,1.0,0.582554,0.151071,0.029554,0.5,0.0,172013.6334,0.0,1014,2,27147.0,17347.252,0.0,0.5,171914.0,117316.0085,0.0,0.5,125419.0,37350.3742,0.0,0.5,970.0,0.0,0.0,0.5
b2_chem_only_chemspec_control,15,10000,124,True,0.498904,0.786755,1.0,0.587851,0.145294,0.027855,0.5,0.0,326013.4981,0.0,1913,4,63420.0,34300.2176,0.0,0.5,390631.0,229221.1055,0.0,0.5,219605.0,62492.1756,0.0,0.5,2634.0,0.0,0.0,0.5
b2_chem_only_chemspec_control,16,10000,24,True,0.650701,0.759987,1.0,0.566483,0.151862,0.029132,0.5,0.0,142641.9687,0.0,786,1,24178.0,15574.5703,0.0,0.5,134730.0,96989.5381,0.0,0.5,96058.0,30077.8605,0.0,0.5,1109.0,0.0,0.0,0.5
b2_chem_only_chemspec_control,17,10000,20,True,1.152117,0.795723,1.0,0.505468,0.153913,0.028181,0.5,0.0,177616.01,0.0,785,2,23588.0,18086.0072,0.0,0.5,157578.0,124046.6439,0.0,0.5,97123.0,35483.36,0.0,0.5,987.0,0.0,0.0,0.5
b2_chem_only_chemspec_control,18,10000,73,True,0.64163,0.779992,1.0,0.605662,0.155061,0.030311,0.5,0.0,244821.8784,0.0,1237,3,39424.0,25738.2329,0.0,0.5,237742.0,164813.5711,0.0,0.5,165359.0,54270.0749,0.0,0.5,2095.0,0.0,0.0,0.5
b2_chem_only_chemspec_control,19,10000,15,True,0.750218,0.746216,1.0,0.619378,0.171745,0.031939,0.5,0.0,129769.3975,0.0,679,1,18620.0,14856.6709,0.0,0.5,106931.0,87676.1038,0.0,0.5,81694.0,27236.6231,0.0,0.5,1450.0,0.0,0.0,0.5
b2_chem_only_chemspec_control,20,10000,122,True,0.502685,0.830448,1.0,0.547591,0.141103,0.024958,0.5,0.0,331978.2251,0.0,1776,2,75112.0,31068.4407,0.0,0.5,461602.0,238607.0622,0.0,0.5,231315.0,62302.7258,0.0,0.5,1378.0,0.0,0.0,0.5
b2_chem_only_chemspec_treatment,1,10000,103,True,0.767345,0.888442,1.0,0.695057,0.138739,0.028213,0.523482,0.0,505934.2322,0.0,1152,5,77276.0,44289.7901,0.0,0.522778,549285.0,358710.3738,0.0,0.506998,231806.0,102934.0702,0.0,0.560325,401.0,0.0,0.0,0.536468
b2_chem_only_chemspec_treatment,2,10000,117,True,0.707278,0.846047,1.0,0.639954,0.126187,0.027066,0.526792,0.0,470608.155,0.0,1484,4,68995.0,40915.6766,0.0,0.512822,474874.0,305850.9693,0.0,0.50716,288959.0,123841.5083,0.0,0.559465,784.0,0.0,0.0,0.533543
b2_chem_only_chemspec_treatment,3,10000,111,True,0.708955,0.841672,1.0,0.672017,0.129131,0.028483,0.528174,0.0,457894.253,0.0,1376,4,64118.0,40114.8723,0.0,0.510695,441370.0,297559.0318,0.0,0.508562,272615.0,120220.3477,0.0,0.561511,984.0,0.0,0.0,0.525771
b2_chem_only_chemspec_treatment,4,10000,105,True,0.819481,0.860488,1.0,0.688285,0.136144,0.028958,0.526807,0.0,483582.9102,0.0,1185,5,71545.0,46398.6564,0.0,0.50986,449405.0,308817.7697,0.0,0.508316,272461.0,128366.4857,0.0,0.55889,720.0,0.0,0.0,0.532817
b2_chem_only_chemspec_treatment,5,10000,107,True,0.744756,0.846708,1.0,0.713942,0.133118,0.029012,0.528498,0.0,482498.0123,0.0,1346,5,76532.0,46127.6741,0.0,0.514103,462300.0,302661.3029,0.0,0.507063,302173.0,133709.0349,0.0,0.561683,1164.0,0.0,0.0,0.532565
b2_chem_only_chemspec_treatment,6,10000,94,True,0.82106,0.836584,1.0,0.713232,0.131112,0.029469,0.528,0.0,456692.9152,0.0,1313,4,62707.0,39936.1227,0.0,0.507713,433291.0,296153.5911,0.0,0.508145,275661.0,120603.2003,0.0,0.560596,722.0,0.0,0.0,0.526816
b2_chem_only_chemspec_treatment,7,10000,82,True,0.841914,0.834564,1.0,0.727525,0.130677,0.029679,0.528659,0.0,455986.2001,0.0,1279,4,60298.0,39677.6876,0.0,0.506272,423995.0,294771.3261,0.0,0.509493,276783.0,121537.1859,0.0,0.560288,760.0,0.0,0.0,0.536181
b2_chem_only_chemspec_treatment,8,10000,113,True,0.6748,0.849601,1.0,0.671029,0.13317,0.028406,0.528071,0.0,482285.1699,0.0,1378,4,75789.0,46213.1016,0.0,0.509382,461247.0,302985.8865,0.0,0.50768,298122.0,133086.183,0.0,0.561443,837.0,0.0,0.0,0.538873
b2_chem_only_chemspec_treatment,9,10000,115,True,0.697554,0.840546,1.0,0.699664,0.128939,0.028719,0.528731,0.0,471298.6708,0.0,1444,4,68206.0,41682.7722,0.0,0.508984,484030.0,311541.1294,0.0,0.509736,285609.0,118074.7686,0.0,0.563745,1010.0,0.0,0.0,0.532349
b2_chem_only_chemspec_treatment,10,10000,126,True,0.629329,0.844027,1.0,0.730764,0.126793,0.028493,0.528929,0.0,477341.4095,0.0,1554,3,72583.0,41604.3636,0.0,0.507735,514859.0,313513.2695,0.0,0.509769,307787.0,122223.7783,0.0,0.561648,1301.0,0.0,0.0,0.534178
b2_chem_only_chemspec_treatment,11,10000,102,True,0.797273,0.850535,1.0,0.694867,0.133182,0.029214,0.527526,0.0,456165.8067,0.0,1302,4,62766.0,40632.7448,0.0,0.499116,438433.0,302283.5086,0.0,0.509975,251423.0,113249.5559,0.0,0.56149,794.0,0.0,0.0,0.533279
b2_chem_only_chemspec_treatment,12,10000,109,True,0.759969,0.854662,1.0,0.667585,0.127625,0.027605,0.525773,0.0,479930.5804,0.0,1362,4,69705.0,41605.3635,0.0,0.506079,488829.0,313955.8865,0.0,0.510566,286199.0,124369.3278,0.0,0.553659,697.0,0.0,0.0,0.539747
b2_chem_only_chemspec_treatment,13,10000,121,True,0.67919,0.864874,1.0,0.694607,0.131986,0.028269,0.526386,0.0,482567.4136,0.0,1251,3,70778.0,41540.7315,0.0,0.513273,512934.0,330974.8767,0.0,0.512484,256511.0,110051.8065,0.0,0.555419,643.0,0.0,0.0,0.529962
b2_chem_only_chemspec_treatment,14,10000,95,True,0.830349,0.843394,1.0,0.656066,0.130587,0.028574,0.527501,0.0,459914.2761,0.0,1242,4,61562.0,40067.2271,0.0,0.513814,427028.0,297975.8065,0.0,0.509504,267337.0,121871.244,0.0,0.557298,541.0,0.0,0.0,0.526074
b2_chem_only_chemspec_treatment,15,10000,85,True,0.820115,0.839847,1.0,0.76673,0.133554,0.030551,0.528368,0.0,458621.843,0.0,1206,4,61145.0,40152.8581,0.0,0.502976,433636.0,304024.003,0.0,0.509442,260266.0,114444.9817,0.0,0.562996,1305.0,0.0,0.0,0.52877
b2_chem_only_chemspec_treatment,16,10000,93,True,0.835952,0.845311,1.0,0.661719,0.1281,0.028159,0.528446,0.0,465521.3626,0.0,1350,5,62747.0,40768.4011,0.0,0.505926,437957.0,299909.2808,0.0,0.511633,276030.0,124843.6798,0.0,0.557455,809.0,0.0,0.0,0.531832
b2_chem_only_chemspec_treatment,17,10000,104,True,0.740057,0.843468,1.0,0.688112,0.130245,0.02872,0.528377,0.0,460668.0903,0.0,1441,5,66696.0,40495.2097,0.0,0.506179,450341.0,297845.134,0.0,0.509331,280183.0,122327.7475,0.0,0.561315,884.0,0.0,0.0,0.54338
b2_chem_only_chemspec_treatment,18,10000,82,True,0.869463,0.854014,1.0,0.668318,0.131037,0.02854,0.526731,0.0,465617.7781,0.0,1257,3,63330.0,40175.6997,0.0,0.504647,437221.0,300345.7305,0.0,0.508709,270847.0,125096.3468,0.0,0.559079,748.0,0.0,0.0,0.522818
b2_chem_only_chemspec_treatment,19,10000,83,True,0.87964,0.833691,1.0,0.719504,0.132558,0.029897,0.528068,0.0,448346.3164,0.0,1250,6,58310.0,39564.8939,0.0,0.506949,409117.0,289936.7465,0.0,0.509478,265847.0,118844.6762,0.0,0.558875,885.0,0.0,0.0,0.533354
b2_chem_only_chemspec_treatment,20,10000,138,True,0.567767,0.870988,1.0,0.729352,0.134599,0.027812,0.527261,0.0,493215.7437,0.0,1309,3,78401.0,41955.1246,0.0,0.526359,552614.0,339602.8458,0.0,0.506676,271497.0,111657.7743,0.0,0.567237,618.0,0.0,0.0,0.535577
